PRODUCT_CODE;ITEM_CODE;ITEM_GROSS_WEIGHT;ITEM_NET_WEIGHT;ITEM_OUT_WEIGHT;TECHNOLOGY;AMOUNT;DATE_FROM;WRITEOFF_TYPE
478;467;0.015000000;0.015000000;0.015000000;;1.000000000;16.12.2015;1
135;98;0.024000000;0.024000000;0.024000000;;1.000000000;16.06.2015;1
135;338;0.350000000;0.350000000;0.350000000;;1.000000000;16.06.2015;1
135;89;1.000000000;1.000000000;1.000000000;;1.000000000;16.06.2015;1
135;24;1.000000000;1.000000000;1.000000000;;1.000000000;16.06.2015;1
135;22;1.000000000;1.000000000;1.000000000;;1.000000000;16.06.2015;1
135;23;0.015000000;0.015000000;0.015000000;;1.000000000;16.06.2015;1
307;73;0.030000000;0.030000000;0.030000000;;1.000000000;16.06.2015;1
257;386;0.030000000;0.030000000;0.030000000;;1.000000000;19.06.2015;1
277;54;0.005000000;0.005000000;0.005000000;;1.000000000;16.06.2015;1
277;21;1.000000000;1.000000000;1.000000000;;1.000000000;16.06.2015;1
277;22;1.000000000;1.000000000;1.000000000;;1.000000000;16.06.2015;1
277;24;1.000000000;1.000000000;1.000000000;;1.000000000;16.06.2015;1
277;13;0.004000000;0.004000000;0.004000000;;1.000000000;16.06.2015;1
277;23;0.005000000;0.005000000;0.005000000;;1.000000000;16.06.2015;1
277;58;0.010000000;0.010000000;0.010000000;;1.000000000;16.06.2015;1
277;45;0.010000000;0.010000000;0.010000000;;1.000000000;16.06.2015;1
450;389;2.000000000;2.000000000;2.000000000;;1.000000000;21.10.2015;1
450;279;2.000000000;2.000000000;2.000000000;;1.000000000;21.10.2015;1
258;80;0.030000000;0.030000000;0.030000000;;1.000000000;16.06.2015;1
477;468;0.015000000;0.015000000;0.015000000;;1.000000000;16.12.2015;1
279;23;0.010000000;0.010000000;0.010000000;;1.000000000;16.06.2015;1
279;21;1.000000000;1.000000000;1.000000000;;1.000000000;16.06.2015;1
279;24;1.000000000;1.000000000;1.000000000;;1.000000000;16.06.2015;1
279;22;1.000000000;1.000000000;1.000000000;;1.000000000;16.06.2015;1
312;339;0.010000000;0.010000000;0.010000000;;1.000000000;16.06.2015;1
250;19;0.030000000;0.030000000;0.030000000;;1.000000000;19.06.2015;1
283;52;0.010000000;0.010000000;0.010000000;;1.000000000;16.06.2015;1
283;362;0.180000000;0.180000000;0.180000000;;1.000000000;16.06.2015;1
283;21;1.000000000;1.000000000;1.000000000;;1.000000000;16.06.2015;1
283;22;1.000000000;1.000000000;1.000000000;;1.000000000;16.06.2015;1
283;24;1.000000000;1.000000000;1.000000000;;1.000000000;16.06.2015;1
243;83;0.030000000;0.030000000;0.030000000;;1.000000000;19.06.2015;1
184;250;0.040000000;0.040000000;0.040000000;;1.000000000;18.06.2015;1
27;13;0.005000000;0.005000000;0.005000000;;1.000000000;19.04.2015;1
554;357;1.000000000;1.000000000;1.000000000;;1.000000000;15.09.2016;1
302;315;0.030000000;0.030000000;0.030000000;;1.000000000;17.06.2015;1
300;358;0.020000000;0.020000000;0.020000000;;1.000000000;21.09.2016;1
300;338;0.220000000;0.220000000;0.220000000;;1.000000000;21.09.2016;1
300;318;1.000000000;1.000000000;1.000000000;;1.000000000;21.09.2016;1
300;357;1.000000000;1.000000000;1.000000000;;1.000000000;21.09.2016;1
483;46;0.010000000;0.010000000;0.010000000;;1.000000000;10.02.2016;1
483;338;0.250000000;0.250000000;0.250000000;;1.000000000;10.02.2016;1
483;21;1.000000000;1.000000000;1.000000000;;1.000000000;10.02.2016;1
483;24;1.000000000;1.000000000;1.000000000;;1.000000000;10.02.2016;1
483;22;1.000000000;1.000000000;1.000000000;;1.000000000;10.02.2016;1
483;17;0.025000000;0.025000000;0.025000000;;1.000000000;10.02.2016;1
259;11;0.004000000;0.004000000;0.004000000;;1.000000000;30.06.2016;1
259;23;0.005000000;0.005000000;0.005000000;;1.000000000;30.06.2016;1
259;58;0.010000000;0.010000000;0.010000000;;1.000000000;30.06.2016;1
259;38;0.010000000;0.010000000;0.010000000;;1.000000000;30.06.2016;1
259;17;0.005000000;0.005000000;0.005000000;;1.000000000;30.06.2016;1
259;21;1.000000000;1.000000000;1.000000000;;1.000000000;30.06.2016;1
259;24;1.000000000;1.000000000;1.000000000;;1.000000000;30.06.2016;1
259;22;1.000000000;1.000000000;1.000000000;;1.000000000;30.06.2016;1
334;100;0.030000000;0.030000000;0.030000000;;1.000000000;16.06.2015;1
334;338;0.200000000;0.200000000;0.200000000;;1.000000000;16.06.2015;1
334;318;1.000000000;1.000000000;1.000000000;;1.000000000;16.06.2015;1
334;367;1.000000000;1.000000000;1.000000000;;1.000000000;16.06.2015;1
334;376;0.015000000;0.015000000;0.015000000;;1.000000000;16.06.2015;1
408;388;1.000000000;1.000000000;1.000000000;;1.000000000;08.02.2016;1
408;405;0.030000000;0.030000000;0.030000000;;1.000000000;08.02.2016;1
408;407;0.030000000;0.030000000;0.030000000;;1.000000000;08.02.2016;1
408;331;0.005000000;0.005000000;0.005000000;;1.000000000;08.02.2016;1
408;473;1.000000000;1.000000000;1.000000000;;1.000000000;08.02.2016;1
408;361;2.000000000;2.000000000;2.000000000;;1.000000000;08.02.2016;1
408;474;1.000000000;1.000000000;1.000000000;;1.000000000;08.02.2016;1
408;366;1.000000000;1.000000000;1.000000000;;1.000000000;08.02.2016;1
168;49;0.025000000;0.025000000;0.025000000;;1.000000000;16.06.2015;1
501;338;0.100000000;0.100000000;0.100000000;;1.000000000;18.04.2016;1
501;358;0.020000000;0.020000000;0.020000000;;1.000000000;18.04.2016;1
501;21;1.000000000;1.000000000;1.000000000;;1.000000000;18.04.2016;1
501;22;1.000000000;1.000000000;1.000000000;;1.000000000;18.04.2016;1
501;24;1.000000000;1.000000000;1.000000000;;1.000000000;18.04.2016;1
501;493;0.040000000;0.040000000;0.040000000;;1.000000000;18.04.2016;1
501;339;0.010000000;0.010000000;0.010000000;;1.000000000;18.04.2016;1
555;357;1.000000000;1.000000000;1.000000000;;1.000000000;23.09.2016;1
555;93;1.000000000;1.000000000;1.000000000;;1.000000000;23.09.2016;1
555;367;1.000000000;1.000000000;1.000000000;;1.000000000;23.09.2016;1
555;361;1.000000000;1.000000000;1.000000000;;1.000000000;23.09.2016;1
555;91;1.000000000;1.000000000;1.000000000;;1.000000000;23.09.2016;1
555;556;1.000000000;1.000000000;1.000000000;;1.000000000;23.09.2016;1
486;363;0.200000000;0.200000000;0.200000000;;1.000000000;18.03.2016;1
486;21;1.000000000;1.000000000;1.000000000;;1.000000000;18.03.2016;1
486;24;1.000000000;1.000000000;1.000000000;;1.000000000;18.03.2016;1
486;22;1.000000000;1.000000000;1.000000000;;1.000000000;18.03.2016;1
486;69;0.010000000;0.010000000;0.010000000;;1.000000000;18.03.2016;1
486;53;0.010000000;0.010000000;0.010000000;;1.000000000;18.03.2016;1
486;52;0.005000000;0.005000000;0.005000000;;1.000000000;18.03.2016;1
428;38;0.015000000;0.015000000;0.015000000;;1.000000000;13.10.2015;1
522;52;0.020000000;0.020000000;0.020000000;;1.000000000;01.05.2016;1
522;59;0.020000000;0.020000000;0.020000000;;1.000000000;01.05.2016;1
522;31;0.010000000;0.010000000;0.010000000;;1.000000000;01.05.2016;1
522;362;0.320000000;0.320000000;0.320000000;;1.000000000;01.05.2016;1
522;89;1.000000000;1.000000000;1.000000000;;1.000000000;01.05.2016;1
522;22;1.000000000;1.000000000;1.000000000;;1.000000000;01.05.2016;1
522;24;1.000000000;1.000000000;1.000000000;;1.000000000;01.05.2016;1
418;23;0.010000000;0.010000000;0.010000000;;1.000000000;10.10.2015;1
418;339;0.020000000;0.020000000;0.020000000;;1.000000000;10.10.2015;1
418;338;0.050000000;0.050000000;0.050000000;;1.000000000;10.10.2015;1
418;416;0.024000000;0.024000000;0.024000000;;1.000000000;10.10.2015;1
418;417;0.004000000;0.004000000;0.004000000;;1.000000000;10.10.2015;1
418;21;1.000000000;1.000000000;1.000000000;;1.000000000;10.10.2015;1
418;22;1.000000000;1.000000000;1.000000000;;1.000000000;10.10.2015;1
418;24;1.000000000;1.000000000;1.000000000;;1.000000000;10.10.2015;1
333;358;0.010000000;0.010000000;0.010000000;;1.000000000;22.09.2016;1
333;338;0.150000000;0.150000000;0.150000000;;1.000000000;22.09.2016;1
333;323;0.100000000;0.100000000;0.100000000;;1.000000000;22.09.2016;1
333;332;0.020000000;0.020000000;0.020000000;;1.000000000;22.09.2016;1
333;318;1.000000000;1.000000000;1.000000000;;1.000000000;22.09.2016;1
523;52;0.015000000;0.015000000;0.015000000;;1.000000000;01.05.2016;1
523;59;0.015000000;0.015000000;0.015000000;;1.000000000;01.05.2016;1
523;31;0.005000000;0.005000000;0.005000000;;1.000000000;01.05.2016;1
523;362;0.250000000;0.250000000;0.250000000;;1.000000000;01.05.2016;1
523;21;1.000000000;1.000000000;1.000000000;;1.000000000;01.05.2016;1
523;24;1.000000000;1.000000000;1.000000000;;1.000000000;01.05.2016;1
523;22;1.000000000;1.000000000;1.000000000;;1.000000000;01.05.2016;1
304;315;0.040000000;0.040000000;0.040000000;;1.000000000;16.06.2015;1
310;306;0.040000000;0.040000000;0.040000000;;1.000000000;16.06.2015;1
392;71;0.030000000;0.030000000;0.030000000;;1.000000000;08.10.2015;1
187;71;0.030000000;0.030000000;0.030000000;;1.000000000;18.06.2015;1
442;58;0.015000000;0.015000000;0.015000000;;1.000000000;13.10.2015;1
137;64;0.050000000;0.050000000;0.050000000;;1.000000000;17.06.2015;1
137;363;0.200000000;0.200000000;0.200000000;;1.000000000;17.06.2015;1
137;21;1.000000000;1.000000000;1.000000000;;1.000000000;17.06.2015;1
137;22;1.000000000;1.000000000;1.000000000;;1.000000000;17.06.2015;1
137;24;1.000000000;1.000000000;1.000000000;;1.000000000;17.06.2015;1
186;74;0.030000000;0.030000000;0.030000000;;1.000000000;18.06.2015;1
189;72;0.030000000;0.030000000;0.030000000;;1.000000000;18.06.2015;1
430;17;0.015000000;0.015000000;0.015000000;;1.000000000;13.10.2015;1
107;339;0.020000000;0.020000000;0.020000000;;1.000000000;28.04.2015;1
446;444;0.030000000;0.030000000;0.030000000;;1.000000000;17.10.2015;1
171;52;0.025000000;0.025000000;0.025000000;;1.000000000;16.06.2015;1
143;52;0.015000000;0.015000000;0.015000000;;1.000000000;16.06.2015;1
143;39;0.010000000;0.010000000;0.010000000;;1.000000000;16.06.2015;1
143;31;0.005000000;0.005000000;0.005000000;;1.000000000;16.06.2015;1
143;362;0.250000000;0.250000000;0.250000000;;1.000000000;16.06.2015;1
143;21;1.000000000;1.000000000;1.000000000;;1.000000000;16.06.2015;1
143;24;1.000000000;1.000000000;1.000000000;;1.000000000;16.06.2015;1
143;22;1.000000000;1.000000000;1.000000000;;1.000000000;16.06.2015;1
420;23;0.010000000;0.010000000;0.010000000;;1.000000000;10.10.2015;1
420;21;1.000000000;1.000000000;1.000000000;;1.000000000;10.10.2015;1
420;22;1.000000000;1.000000000;1.000000000;;1.000000000;10.10.2015;1
420;24;1.000000000;1.000000000;1.000000000;;1.000000000;10.10.2015;1
420;97;0.024000000;0.024000000;0.024000000;;1.000000000;10.10.2015;1
420;419;0.004000000;0.004000000;0.004000000;;1.000000000;10.10.2015;1
420;358;0.014000000;0.014000000;0.014000000;;1.000000000;10.10.2015;1
255;340;0.030000000;0.030000000;0.030000000;;1.000000000;19.06.2015;1
156;37;0.025000000;0.025000000;0.025000000;;1.000000000;16.06.2015;1
466;461;0.010000000;0.010000000;0.010000000;;1.000000000;16.11.2015;1
466;465;0.010000000;0.010000000;0.010000000;;1.000000000;16.11.2015;1
466;400;0.001000000;0.001000000;0.001000000;;1.000000000;16.11.2015;1
466;31;0.005000000;0.005000000;0.005000000;;1.000000000;16.11.2015;1
466;85;0.015000000;0.015000000;0.015000000;;1.000000000;16.11.2015;1
466;11;0.005000000;0.005000000;0.005000000;;1.000000000;16.11.2015;1
466;318;1.000000000;1.000000000;1.000000000;;1.000000000;16.11.2015;1
127;23;0.010000000;0.010000000;0.010000000;;1.000000000;16.06.2015;1
127;21;1.000000000;1.000000000;1.000000000;;1.000000000;16.06.2015;1
127;24;1.000000000;1.000000000;1.000000000;;1.000000000;16.06.2015;1
127;22;1.000000000;1.000000000;1.000000000;;1.000000000;16.06.2015;1
127;339;0.020000000;0.020000000;0.020000000;;1.000000000;16.06.2015;1
127;338;0.050000000;0.050000000;0.050000000;;1.000000000;16.06.2015;1
470;11;0.005000000;0.005000000;0.005000000;;1.000000000;16.11.2015;1
470;318;1.000000000;1.000000000;1.000000000;;1.000000000;16.11.2015;1
470;465;0.010000000;0.010000000;0.010000000;;1.000000000;16.11.2015;1
470;464;0.002000000;0.002000000;0.002000000;;1.000000000;16.11.2015;1
470;87;0.010000000;0.010000000;0.010000000;;1.000000000;16.11.2015;1
68;374;0.020000000;0.020000000;0.020000000;;1.000000000;16.06.2015;1
557;358;0.010000000;0.010000000;0.010000000;;1.000000000;23.09.2016;1
557;93;1.000000000;1.000000000;1.000000000;;1.000000000;23.09.2016;1
557;357;1.000000000;1.000000000;1.000000000;;1.000000000;23.09.2016;1
437;50;0.015000000;0.015000000;0.015000000;;1.000000000;13.10.2015;1
524;46;0.015000000;0.015000000;0.015000000;;1.000000000;01.05.2016;1
524;100;0.024000000;0.024000000;0.024000000;;1.000000000;01.05.2016;1
524;6;0.160000000;0.150400000;0.150400000;;1.000000000;01.05.2016;1
524;338;0.150000000;0.150000000;0.150000000;;1.000000000;01.05.2016;1
524;21;1.000000000;1.000000000;1.000000000;;1.000000000;01.05.2016;1
524;22;1.000000000;1.000000000;1.000000000;;1.000000000;01.05.2016;1
524;24;1.000000000;1.000000000;1.000000000;;1.000000000;01.05.2016;1
161;17;0.025000000;0.025000000;0.025000000;;1.000000000;18.06.2015;1
479;467;0.020000000;0.020000000;0.020000000;;1.000000000;22.12.2015;1
34;373;0.020000000;0.020000000;0.020000000;;1.000000000;16.06.2015;1
449;389;1.000000000;1.000000000;1.000000000;;1.000000000;21.10.2015;1
449;131;1.000000000;1.000000000;1.000000000;;1.000000000;21.10.2015;1
526;362;0.200000000;0.200000000;0.200000000;;1.000000000;03.05.2016;1
526;21;1.000000000;1.000000000;1.000000000;;1.000000000;03.05.2016;1
526;24;1.000000000;1.000000000;1.000000000;;1.000000000;03.05.2016;1
526;22;1.000000000;1.000000000;1.000000000;;1.000000000;03.05.2016;1
526;31;0.015000000;0.015000000;0.015000000;;1.000000000;03.05.2016;1
526;50;0.015000000;0.015000000;0.015000000;;1.000000000;03.05.2016;1
526;23;0.010000000;0.010000000;0.010000000;;1.000000000;03.05.2016;1
114;55;0.020000000;0.020000000;0.020000000;;1.000000000;28.04.2015;1
113;54;0.020000000;0.020000000;0.020000000;;1.000000000;28.04.2015;1
435;49;0.015000000;0.015000000;0.015000000;;1.000000000;13.10.2015;1
296;338;0.220000000;0.220000000;0.220000000;;1.000000000;22.09.2016;1
296;339;0.020000000;0.020000000;0.020000000;;1.000000000;22.09.2016;1
296;329;0.003000000;0.003000000;0.003000000;;1.000000000;22.09.2016;1
296;318;1.000000000;1.000000000;1.000000000;;1.000000000;22.09.2016;1
296;358;0.010000000;0.010000000;0.010000000;;1.000000000;22.09.2016;1
525;362;0.200000000;0.200000000;0.200000000;;1.000000000;03.05.2016;1
525;21;1.000000000;1.000000000;1.000000000;;1.000000000;03.05.2016;1
525;24;1.000000000;1.000000000;1.000000000;;1.000000000;03.05.2016;1
525;22;1.000000000;1.000000000;1.000000000;;1.000000000;03.05.2016;1
525;51;0.015000000;0.015000000;0.015000000;;1.000000000;03.05.2016;1
525;50;0.015000000;0.015000000;0.015000000;;1.000000000;03.05.2016;1
525;23;0.010000000;0.010000000;0.010000000;;1.000000000;03.05.2016;1
432;43;0.015000000;0.015000000;0.015000000;;1.000000000;13.10.2015;1
499;46;0.010000000;0.010000000;0.010000000;;1.000000000;18.04.2016;1
499;338;0.250000000;0.250000000;0.250000000;;1.000000000;18.04.2016;1
499;21;1.000000000;1.000000000;1.000000000;;1.000000000;18.04.2016;1
499;24;1.000000000;1.000000000;1.000000000;;1.000000000;18.04.2016;1
499;22;1.000000000;1.000000000;1.000000000;;1.000000000;18.04.2016;1
499;492;0.040000000;0.040000000;0.040000000;;1.000000000;18.04.2016;1
163;374;0.025000000;0.025000000;0.025000000;;1.000000000;18.06.2015;1
385;85;1.000000000;1.000000000;0.160000000;;38.000000000;01.06.2015;1
385;330;0.600000000;0.600000000;0.600000000;;38.000000000;01.06.2015;1
146;56;0.035000000;0.035000000;0.035000000;;1.000000000;17.06.2015;1
146;52;0.025000000;0.025000000;0.025000000;;1.000000000;17.06.2015;1
146;362;0.320000000;0.320000000;0.320000000;;1.000000000;17.06.2015;1
146;89;1.000000000;1.000000000;1.000000000;;1.000000000;17.06.2015;1
146;22;1.000000000;1.000000000;1.000000000;;1.000000000;17.06.2015;1
146;24;1.000000000;1.000000000;1.000000000;;1.000000000;17.06.2015;1
284;317;0.030000000;0.030000000;0.030000000;;1.000000000;16.06.2015;1
451;389;1.000000000;1.000000000;1.000000000;;1.000000000;23.10.2015;1
451;279;1.000000000;1.000000000;1.000000000;;1.000000000;23.10.2015;1
173;54;0.025000000;0.025000000;0.025000000;;1.000000000;18.06.2015;1
560;559;1.000000000;1.000000000;1.000000000;;1.000000000;04.11.2016;1
108;49;0.020000000;0.020000000;0.020000000;;1.000000000;28.04.2015;1
388;324;0.130000000;0.130000000;0.130000000;;4.000000000;16.12.2015;1
388;330;0.060000000;0.060000000;0.060000000;;4.000000000;16.12.2015;1
388;387;0.046000000;0.046000000;0.046000000;;4.000000000;16.12.2015;1
388;331;0.090000000;0.090000000;0.090000000;;4.000000000;16.12.2015;1
388;328;2.000000000;2.000000000;2.000000000;;4.000000000;16.12.2015;1
388;363;0.110000000;0.110000000;0.110000000;;4.000000000;16.12.2015;1
445;444;0.030000000;0.030000000;0.030000000;;1.000000000;17.10.2015;1
488;362;0.200000000;0.200000000;0.200000000;;1.000000000;18.03.2016;1
488;21;1.000000000;1.000000000;1.000000000;;1.000000000;18.03.2016;1
488;24;1.000000000;1.000000000;1.000000000;;1.000000000;18.03.2016;1
488;22;1.000000000;1.000000000;1.000000000;;1.000000000;18.03.2016;1
488;31;0.015000000;0.015000000;0.015000000;;1.000000000;18.03.2016;1
488;50;0.015000000;0.015000000;0.015000000;;1.000000000;18.03.2016;1
488;23;0.010000000;0.010000000;0.010000000;;1.000000000;18.03.2016;1
537;46;0.015000000;0.015000000;0.015000000;;1.000000000;10.05.2016;1
537;39;0.025000000;0.025000000;0.025000000;;1.000000000;10.05.2016;1
537;97;0.024000000;0.024000000;0.024000000;;1.000000000;10.05.2016;1
537;338;0.350000000;0.350000000;0.350000000;;1.000000000;10.05.2016;1
537;89;1.000000000;1.000000000;1.000000000;;1.000000000;10.05.2016;1
537;24;1.000000000;1.000000000;1.000000000;;1.000000000;10.05.2016;1
537;22;1.000000000;1.000000000;1.000000000;;1.000000000;10.05.2016;1
390;77;0.030000000;0.030000000;0.030000000;;1.000000000;08.10.2015;1
552;549;0.030000000;0.030000000;0.030000000;;1.000000000;01.09.2016;1
514;531;0.040000000;0.040000000;0.040000000;;1.000000000;30.04.2016;1
18;37;0.020000000;0.020000000;0.020000000;;1.000000000;19.04.2015;1
116;58;0.020000000;0.020000000;0.020000000;;1.000000000;28.04.2015;1
110;50;0.020000000;0.020000000;0.020000000;;1.000000000;28.04.2015;1
510;6;0.130000000;0.122200000;0.122200000;;1.000000000;28.04.2016;1
510;338;0.150000000;0.150000000;0.150000000;;1.000000000;28.04.2016;1
510;21;1.000000000;1.000000000;1.000000000;;1.000000000;28.04.2016;1
510;22;1.000000000;1.000000000;1.000000000;;1.000000000;28.04.2016;1
510;24;1.000000000;1.000000000;1.000000000;;1.000000000;28.04.2016;1
510;358;0.014000000;0.014000000;0.014000000;;1.000000000;28.04.2016;1
510;339;0.030000000;0.030000000;0.030000000;;1.000000000;28.04.2016;1
510;400;0.003000000;0.003000000;0.003000000;;1.000000000;28.04.2016;1
412;358;0.020000000;0.020000000;0.020000000;;1.000000000;22.09.2016;1
412;21;1.000000000;1.000000000;1.000000000;;1.000000000;22.09.2016;1
412;22;1.000000000;1.000000000;1.000000000;;1.000000000;22.09.2016;1
412;339;0.025000000;0.025000000;0.025000000;;1.000000000;22.09.2016;1
412;24;1.000000000;1.000000000;1.000000000;;1.000000000;22.09.2016;1
412;23;0.010000000;0.010000000;0.010000000;;1.000000000;22.09.2016;1
412;338;0.100000000;0.100000000;0.100000000;;1.000000000;22.09.2016;1
427;31;0.015000000;0.015000000;0.015000000;;1.000000000;13.10.2015;1
452;389;1.000000000;1.000000000;1.000000000;;1.000000000;23.10.2015;1
452;26;1.000000000;1.000000000;1.000000000;;1.000000000;23.10.2015;1
208;96;0.024000000;0.024000000;0.024000000;;1.000000000;19.06.2015;1
254;74;0.030000000;0.030000000;0.030000000;;1.000000000;19.06.2015;1
469;11;0.005000000;0.005000000;0.005000000;;1.000000000;16.11.2015;1
469;467;0.020000000;0.020000000;0.020000000;;1.000000000;16.11.2015;1
469;468;0.020000000;0.020000000;0.020000000;;1.000000000;16.11.2015;1
469;318;0.000000000;0.000000000;0.000000000;;1.000000000;16.11.2015;1
158;38;0.025000000;0.025000000;0.025000000;;1.000000000;16.06.2015;1
170;50;0.025000000;0.025000000;0.025000000;;1.000000000;16.06.2015;1
260;23;0.010000000;0.010000000;0.010000000;;1.000000000;16.06.2015;1
260;339;0.020000000;0.020000000;0.020000000;;1.000000000;16.06.2015;1
260;358;0.014000000;0.014000000;0.014000000;;1.000000000;16.06.2015;1
260;338;0.100000000;0.100000000;0.100000000;;1.000000000;16.06.2015;1
260;21;1.000000000;1.000000000;1.000000000;;1.000000000;16.06.2015;1
260;24;1.000000000;1.000000000;1.000000000;;1.000000000;16.06.2015;1
260;22;1.000000000;1.000000000;1.000000000;;1.000000000;16.06.2015;1
518;51;0.015000000;0.015000000;0.015000000;;1.000000000;01.05.2016;1
518;95;0.012000000;0.012000000;0.012000000;;1.000000000;01.05.2016;1
518;96;0.024000000;0.024000000;0.024000000;;1.000000000;01.05.2016;1
518;6;0.110000000;0.103400000;0.103400000;;1.000000000;01.05.2016;1
518;338;0.130000000;0.130000000;0.130000000;;1.000000000;01.05.2016;1
518;21;1.000000000;1.000000000;1.000000000;;1.000000000;01.05.2016;1
518;22;1.000000000;1.000000000;1.000000000;;1.000000000;01.05.2016;1
518;24;1.000000000;1.000000000;1.000000000;;1.000000000;01.05.2016;1
544;541;0.030000000;0.030000000;0.030000000;;1.000000000;16.08.2016;1
512;532;0.035000000;0.035000000;0.035000000;;1.000000000;30.04.2016;1
176;69;0.025000000;0.025000000;0.025000000;;1.000000000;18.06.2015;1
509;22;1.000000000;1.000000000;1.000000000;;1.000000000;25.04.2016;1
172;53;0.025000000;0.025000000;0.025000000;;1.000000000;18.06.2015;1
269;13;0.004000000;0.004000000;0.004000000;;1.000000000;01.07.2016;1
269;58;0.010000000;0.010000000;0.010000000;;1.000000000;01.07.2016;1
269;37;0.010000000;0.010000000;0.010000000;;1.000000000;01.07.2016;1
269;21;1.000000000;1.000000000;1.000000000;;1.000000000;01.07.2016;1
269;24;1.000000000;1.000000000;1.000000000;;1.000000000;01.07.2016;1
269;22;1.000000000;1.000000000;1.000000000;;1.000000000;01.07.2016;1
269;23;0.010000000;0.010000000;0.010000000;;1.000000000;01.07.2016;1
269;51;0.005000000;0.005000000;0.005000000;;1.000000000;01.07.2016;1
335;70;0.030000000;0.030000000;0.030000000;;1.000000000;16.06.2015;1
289;316;0.030000000;0.030000000;0.030000000;;1.000000000;04.07.2015;1
395;73;0.030000000;0.030000000;0.030000000;;1.000000000;08.10.2015;1
303;315;0.030000000;0.030000000;0.030000000;;1.000000000;16.06.2015;1
33;38;0.020000000;0.020000000;0.020000000;;1.000000000;21.04.2015;1
457;454;0.030000000;0.030000000;0.030000000;;1.000000000;06.11.2015;1
248;78;0.030000000;0.030000000;0.030000000;;1.000000000;19.06.2015;1
36;17;0.020000000;0.020000000;0.020000000;;1.000000000;21.04.2015;1
472;338;0.350000000;0.350000000;0.350000000;;1.000000000;19.11.2015;1
472;89;1.000000000;1.000000000;1.000000000;;1.000000000;19.11.2015;1
472;24;1.000000000;1.000000000;1.000000000;;1.000000000;19.11.2015;1
472;22;1.000000000;1.000000000;1.000000000;;1.000000000;19.11.2015;1
472;46;0.015000000;0.015000000;0.015000000;;1.000000000;19.11.2015;1
472;95;0.024000000;0.024000000;0.024000000;;1.000000000;19.11.2015;1
472;43;0.015000000;0.015000000;0.015000000;;1.000000000;19.11.2015;1
411;358;0.020000000;0.020000000;0.020000000;;1.000000000;22.09.2016;1
411;23;0.015000000;0.015000000;0.015000000;;1.000000000;22.09.2016;1
411;21;1.000000000;1.000000000;1.000000000;;1.000000000;22.09.2016;1
411;24;1.000000000;1.000000000;1.000000000;;1.000000000;22.09.2016;1
411;22;1.000000000;1.000000000;1.000000000;;1.000000000;22.09.2016;1
411;338;0.100000000;0.100000000;0.100000000;;1.000000000;22.09.2016;1
515;530;0.030000000;0.030000000;0.030000000;;1.000000000;30.04.2016;1
519;37;0.015000000;0.015000000;0.015000000;;1.000000000;01.05.2016;1
519;97;0.012000000;0.012000000;0.012000000;;1.000000000;01.05.2016;1
519;6;0.110000000;0.103400000;0.103400000;;1.000000000;01.05.2016;1
519;338;0.150000000;0.150000000;0.150000000;;1.000000000;01.05.2016;1
519;21;1.000000000;1.000000000;1.000000000;;1.000000000;01.05.2016;1
519;22;1.000000000;1.000000000;1.000000000;;1.000000000;01.05.2016;1
519;24;1.000000000;1.000000000;1.000000000;;1.000000000;01.05.2016;1
498;46;0.010000000;0.010000000;0.010000000;;1.000000000;18.04.2016;1
498;338;0.280000000;0.280000000;0.280000000;;1.000000000;18.04.2016;1
498;21;1.000000000;1.000000000;1.000000000;;1.000000000;18.04.2016;1
498;24;1.000000000;1.000000000;1.000000000;;1.000000000;18.04.2016;1
498;22;1.000000000;1.000000000;1.000000000;;1.000000000;18.04.2016;1
498;494;0.020000000;0.020000000;0.020000000;;1.000000000;18.04.2016;1
498;100;0.012000000;0.012000000;0.012000000;;1.000000000;18.04.2016;1
191;76;0.030000000;0.030000000;0.030000000;;1.000000000;19.06.2015;1
404;388;1.000000000;1.000000000;1.000000000;;1.000000000;16.12.2015;1
404;6;0.060000000;0.060000000;0.060000000;;1.000000000;16.12.2015;1
404;403;0.015000000;0.015000000;0.015000000;;1.000000000;16.12.2015;1
404;361;2.000000000;2.000000000;2.000000000;;1.000000000;16.12.2015;1
404;366;1.000000000;1.000000000;1.000000000;;1.000000000;16.12.2015;1
404;473;1.000000000;1.000000000;1.000000000;;1.000000000;16.12.2015;1
404;474;1.000000000;1.000000000;1.000000000;;1.000000000;16.12.2015;1
298;358;0.010000000;0.010000000;0.010000000;;1.000000000;21.09.2016;1
298;93;1.000000000;1.000000000;1.000000000;;1.000000000;21.09.2016;1
298;357;1.000000000;1.000000000;1.000000000;;1.000000000;21.09.2016;1
425;26;2.000000000;2.000000000;2.000000000;;1.000000000;12.10.2015;1
425;389;2.000000000;2.000000000;2.000000000;;1.000000000;12.10.2015;1
533;21;1.000000000;1.000000000;1.000000000;;1.000000000;10.05.2016;1
533;24;1.000000000;1.000000000;1.000000000;;1.000000000;10.05.2016;1
533;22;1.000000000;1.000000000;1.000000000;;1.000000000;10.05.2016;1
533;45;0.015000000;0.015000000;0.015000000;;1.000000000;10.05.2016;1
533;43;0.010000000;0.010000000;0.010000000;;1.000000000;10.05.2016;1
533;54;0.010000000;0.010000000;0.010000000;;1.000000000;10.05.2016;1
533;13;0.004000000;0.004000000;0.004000000;;1.000000000;10.05.2016;1
393;315;0.030000000;0.030000000;0.030000000;;1.000000000;08.10.2015;1
290;358;0.020000000;0.020000000;0.020000000;;1.000000000;21.09.2016;1
290;338;0.180000000;0.180000000;0.180000000;;1.000000000;21.09.2016;1
290;318;1.000000000;1.000000000;1.000000000;;1.000000000;21.09.2016;1
290;357;1.000000000;1.000000000;1.000000000;;1.000000000;21.09.2016;1
517;338;0.250000000;0.250000000;0.250000000;;1.000000000;01.05.2016;1
517;21;1.000000000;1.000000000;1.000000000;;1.000000000;01.05.2016;1
517;24;1.000000000;1.000000000;1.000000000;;1.000000000;01.05.2016;1
517;22;1.000000000;1.000000000;1.000000000;;1.000000000;01.05.2016;1
517;23;0.015000000;0.015000000;0.015000000;;1.000000000;01.05.2016;1
517;98;0.024000000;0.024000000;0.024000000;;1.000000000;01.05.2016;1
536;11;0.004000000;0.004000000;0.004000000;;1.000000000;10.05.2016;1
536;23;0.005000000;0.005000000;0.005000000;;1.000000000;10.05.2016;1
536;58;0.010000000;0.010000000;0.010000000;;1.000000000;10.05.2016;1
536;38;0.010000000;0.010000000;0.010000000;;1.000000000;10.05.2016;1
536;51;0.005000000;0.005000000;0.005000000;;1.000000000;10.05.2016;1
536;21;1.000000000;1.000000000;1.000000000;;1.000000000;10.05.2016;1
536;24;1.000000000;1.000000000;1.000000000;;1.000000000;10.05.2016;1
536;22;1.000000000;1.000000000;1.000000000;;1.000000000;10.05.2016;1
309;76;0.030000000;0.030000000;0.030000000;;1.000000000;16.06.2015;1
436;51;0.015000000;0.015000000;0.015000000;;1.000000000;13.10.2015;1
119;46;0.010000000;0.010000000;0.010000000;;1.000000000;16.06.2015;1
119;338;0.250000000;0.250000000;0.250000000;;1.000000000;16.06.2015;1
119;21;1.000000000;1.000000000;1.000000000;;1.000000000;16.06.2015;1
119;24;1.000000000;1.000000000;1.000000000;;1.000000000;16.06.2015;1
119;22;1.000000000;1.000000000;1.000000000;;1.000000000;16.06.2015;1
148;52;0.020000000;0.020000000;0.020000000;;1.000000000;17.06.2015;1
148;59;0.020000000;0.020000000;0.020000000;;1.000000000;17.06.2015;1
148;31;0.010000000;0.010000000;0.010000000;;1.000000000;17.06.2015;1
148;362;0.320000000;0.320000000;0.320000000;;1.000000000;17.06.2015;1
148;89;1.000000000;1.000000000;1.000000000;;1.000000000;17.06.2015;1
148;22;1.000000000;1.000000000;1.000000000;;1.000000000;17.06.2015;1
148;24;1.000000000;1.000000000;1.000000000;;1.000000000;17.06.2015;1
285;316;0.030000000;0.030000000;0.030000000;;1.000000000;16.06.2015;1
256;77;0.030000000;0.030000000;0.030000000;;1.000000000;19.06.2015;1
414;23;0.020000000;0.020000000;0.020000000;;1.000000000;10.10.2015;1
414;416;0.036000000;0.036000000;0.036000000;;1.000000000;10.10.2015;1
414;338;0.350000000;0.350000000;0.350000000;;1.000000000;10.10.2015;1
414;89;1.000000000;1.000000000;1.000000000;;1.000000000;10.10.2015;1
414;24;1.000000000;1.000000000;1.000000000;;1.000000000;10.10.2015;1
414;22;1.000000000;1.000000000;1.000000000;;1.000000000;10.10.2015;1
545;332;0.010000000;0.010000000;0.010000000;;1.000000000;16.08.2016;1
521;52;0.010000000;0.010000000;0.010000000;;1.000000000;01.05.2016;1
521;362;0.180000000;0.180000000;0.180000000;;1.000000000;01.05.2016;1
521;21;1.000000000;1.000000000;1.000000000;;1.000000000;01.05.2016;1
521;22;1.000000000;1.000000000;1.000000000;;1.000000000;01.05.2016;1
521;24;1.000000000;1.000000000;1.000000000;;1.000000000;01.05.2016;1
423;21;1.000000000;1.000000000;1.000000000;;1.000000000;10.10.2015;1
423;22;1.000000000;1.000000000;1.000000000;;1.000000000;10.10.2015;1
423;24;1.000000000;1.000000000;1.000000000;;1.000000000;10.10.2015;1
423;23;0.010000000;0.010000000;0.010000000;;1.000000000;10.10.2015;1
246;6;0.160000000;0.150400000;0.150400000;;1.000000000;19.06.2015;1
246;21;1.000000000;1.000000000;1.000000000;;1.000000000;19.06.2015;1
246;22;1.000000000;1.000000000;1.000000000;;1.000000000;19.06.2015;1
246;24;1.000000000;1.000000000;1.000000000;;1.000000000;19.06.2015;1
246;46;0.015000000;0.015000000;0.015000000;;1.000000000;19.06.2015;1
246;100;0.024000000;0.024000000;0.024000000;;1.000000000;19.06.2015;1
246;338;0.150000000;0.150000000;0.150000000;;1.000000000;19.06.2015;1
200;251;0.040000000;0.040000000;0.040000000;;1.000000000;16.06.2015;1
489;363;0.200000000;0.200000000;0.200000000;;1.000000000;22.03.2016;1
489;21;1.000000000;1.000000000;1.000000000;;1.000000000;22.03.2016;1
489;24;1.000000000;1.000000000;1.000000000;;1.000000000;22.03.2016;1
489;22;1.000000000;1.000000000;1.000000000;;1.000000000;22.03.2016;1
489;52;0.015000000;0.015000000;0.015000000;;1.000000000;22.03.2016;1
489;23;0.015000000;0.015000000;0.015000000;;1.000000000;22.03.2016;1
202;75;0.040000000;0.040000000;0.040000000;;1.000000000;19.06.2015;1
438;52;0.015000000;0.015000000;0.015000000;;1.000000000;13.10.2015;1
487;362;0.200000000;0.200000000;0.200000000;;1.000000000;18.03.2016;1
487;21;1.000000000;1.000000000;1.000000000;;1.000000000;18.03.2016;1
487;24;1.000000000;1.000000000;1.000000000;;1.000000000;18.03.2016;1
487;22;1.000000000;1.000000000;1.000000000;;1.000000000;18.03.2016;1
487;51;0.015000000;0.015000000;0.015000000;;1.000000000;18.03.2016;1
487;50;0.015000000;0.015000000;0.015000000;;1.000000000;18.03.2016;1
487;23;0.010000000;0.010000000;0.010000000;;1.000000000;18.03.2016;1
443;69;0.015000000;0.015000000;0.015000000;;1.000000000;13.10.2015;1
188;256;0.040000000;0.040000000;0.040000000;;1.000000000;18.06.2015;1
201;72;0.040000000;0.040000000;0.040000000;;1.000000000;19.06.2015;1
448;72;0.030000000;0.030000000;0.030000000;;1.000000000;14.10.2015;1
402;388;1.000000000;1.000000000;1.000000000;;1.000000000;08.02.2016;1
402;401;0.030000000;0.030000000;0.030000000;;1.000000000;08.02.2016;1
402;473;1.000000000;1.000000000;1.000000000;;1.000000000;08.02.2016;1
402;361;2.000000000;2.000000000;2.000000000;;1.000000000;08.02.2016;1
402;474;0.000000000;0.000000000;0.000000000;;1.000000000;08.02.2016;1
402;366;1.000000000;1.000000000;1.000000000;;1.000000000;08.02.2016;1
401;330;0.060000000;0.060000000;0.060000000;;0.300000000;08.10.2015;1
401;400;0.003000000;0.003000000;0.003000000;;0.300000000;08.10.2015;1
401;87;0.250000000;0.250000000;0.250000000;;0.300000000;08.10.2015;1
440;54;0.015000000;0.015000000;0.015000000;;1.000000000;13.10.2015;1
147;52;0.015000000;0.015000000;0.015000000;;1.000000000;17.06.2015;1
147;59;0.015000000;0.015000000;0.015000000;;1.000000000;17.06.2015;1
147;31;0.005000000;0.005000000;0.005000000;;1.000000000;17.06.2015;1
147;362;0.250000000;0.250000000;0.250000000;;1.000000000;17.06.2015;1
147;21;1.000000000;1.000000000;1.000000000;;1.000000000;17.06.2015;1
147;24;1.000000000;1.000000000;1.000000000;;1.000000000;17.06.2015;1
147;22;1.000000000;1.000000000;1.000000000;;1.000000000;17.06.2015;1
553;549;0.030000000;0.030000000;0.030000000;;1.000000000;01.09.2016;1
447;444;0.040000000;0.040000000;0.040000000;;1.000000000;17.10.2015;1
174;55;0.025000000;0.025000000;0.025000000;;1.000000000;18.06.2015;1
117;69;0.020000000;0.020000000;0.020000000;;1.000000000;28.04.2015;1
295;358;0.020000000;0.020000000;0.020000000;;1.000000000;21.09.2016;1
295;377;1.000000000;1.000000000;1.000000000;;1.000000000;21.09.2016;1
295;357;1.000000000;1.000000000;1.000000000;;1.000000000;21.09.2016;1
274;13;0.004000000;0.004000000;0.004000000;;1.000000000;16.06.2015;1
274;23;0.010000000;0.010000000;0.010000000;;1.000000000;16.06.2015;1
274;37;0.010000000;0.010000000;0.010000000;;1.000000000;16.06.2015;1
274;51;0.010000000;0.010000000;0.010000000;;1.000000000;16.06.2015;1
274;21;1.000000000;1.000000000;1.000000000;;1.000000000;16.06.2015;1
274;24;1.000000000;1.000000000;1.000000000;;1.000000000;16.06.2015;1
274;22;1.000000000;1.000000000;1.000000000;;1.000000000;16.06.2015;1
513;6;0.030000000;0.030000000;0.030000000;;1.000000000;30.04.2016;1
112;53;0.020000000;0.020000000;0.020000000;;1.000000000;28.04.2015;1
282;37;0.015000000;0.015000000;0.015000000;;1.000000000;27.06.2015;1
14;13;0.004000000;0.004000000;0.004000000;;1.000000000;16.06.2015;1
195;83;0.030000000;0.030000000;0.030000000;;1.000000000;19.06.2015;1
308;73;0.040000000;0.040000000;0.040000000;;1.000000000;16.06.2015;1
336;70;0.040000000;0.040000000;0.040000000;;1.000000000;16.06.2015;1
459;75;0.030000000;0.030000000;0.030000000;;1.000000000;07.11.2015;1
294;358;0.010000000;0.010000000;0.010000000;;1.000000000;21.09.2016;1
294;377;1.000000000;1.000000000;1.000000000;;1.000000000;21.09.2016;1
294;357;1.000000000;1.000000000;1.000000000;;1.000000000;21.09.2016;1
471;95;0.012000000;0.012000000;0.012000000;;1.000000000;19.11.2015;1
471;46;0.010000000;0.010000000;0.010000000;;1.000000000;19.11.2015;1
471;43;0.010000000;0.010000000;0.010000000;;1.000000000;19.11.2015;1
471;338;0.250000000;0.250000000;0.250000000;;1.000000000;19.11.2015;1
471;21;1.000000000;1.000000000;1.000000000;;1.000000000;19.11.2015;1
471;24;1.000000000;1.000000000;1.000000000;;1.000000000;19.11.2015;1
471;22;1.000000000;1.000000000;1.000000000;;1.000000000;19.11.2015;1
547;21;1.000000000;1.000000000;1.000000000;;1.000000000;16.08.2016;1
441;55;0.015000000;0.015000000;0.015000000;;1.000000000;13.10.2015;1
129;23;0.010000000;0.010000000;0.010000000;;1.000000000;22.05.2016;1
129;339;0.020000000;0.020000000;0.020000000;;1.000000000;22.05.2016;1
129;21;1.000000000;1.000000000;1.000000000;;1.000000000;22.05.2016;1
129;22;1.000000000;1.000000000;1.000000000;;1.000000000;22.05.2016;1
129;24;1.000000000;1.000000000;1.000000000;;1.000000000;22.05.2016;1
129;338;0.050000000;0.050000000;0.050000000;;1.000000000;22.05.2016;1
138;66;0.050000000;0.050000000;0.050000000;;1.000000000;17.06.2015;1
138;363;0.200000000;0.200000000;0.200000000;;1.000000000;17.06.2015;1
138;21;1.000000000;1.000000000;1.000000000;;1.000000000;17.06.2015;1
138;22;1.000000000;1.000000000;1.000000000;;1.000000000;17.06.2015;1
138;24;1.000000000;1.000000000;1.000000000;;1.000000000;17.06.2015;1
196;386;0.030000000;0.030000000;0.030000000;;1.000000000;19.06.2015;1
539;6;0.130000000;0.122200000;0.122200000;;1.000000000;10.05.2016;1
539;338;0.150000000;0.150000000;0.150000000;;1.000000000;10.05.2016;1
539;21;1.000000000;1.000000000;1.000000000;;1.000000000;10.05.2016;1
539;22;1.000000000;1.000000000;1.000000000;;1.000000000;10.05.2016;1
539;24;1.000000000;1.000000000;1.000000000;;1.000000000;10.05.2016;1
539;358;0.014000000;0.014000000;0.014000000;;1.000000000;10.05.2016;1
539;339;0.030000000;0.030000000;0.030000000;;1.000000000;10.05.2016;1
539;400;0.003000000;0.003000000;0.003000000;;1.000000000;10.05.2016;1
133;46;0.015000000;0.015000000;0.015000000;;1.000000000;16.06.2015;1
133;39;0.025000000;0.025000000;0.025000000;;1.000000000;16.06.2015;1
133;97;0.024000000;0.024000000;0.024000000;;1.000000000;16.06.2015;1
133;338;0.350000000;0.350000000;0.350000000;;1.000000000;16.06.2015;1
133;89;1.000000000;1.000000000;1.000000000;;1.000000000;16.06.2015;1
133;24;1.000000000;1.000000000;1.000000000;;1.000000000;16.06.2015;1
133;22;1.000000000;1.000000000;1.000000000;;1.000000000;16.06.2015;1
500;24;1.000000000;1.000000000;1.000000000;;1.000000000;18.04.2016;1
500;493;0.040000000;0.040000000;0.040000000;;1.000000000;18.04.2016;1
500;339;0.010000000;0.010000000;0.010000000;;1.000000000;18.04.2016;1
500;338;0.100000000;0.100000000;0.100000000;;1.000000000;18.04.2016;1
500;358;0.020000000;0.020000000;0.020000000;;1.000000000;18.04.2016;1
500;21;1.000000000;1.000000000;1.000000000;;1.000000000;18.04.2016;1
500;22;1.000000000;1.000000000;1.000000000;;1.000000000;18.04.2016;1
136;66;0.050000000;0.050000000;0.050000000;;1.000000000;17.06.2015;1
136;363;0.200000000;0.200000000;0.200000000;;1.000000000;17.06.2015;1
136;24;1.000000000;1.000000000;1.000000000;;1.000000000;17.06.2015;1
136;21;1.000000000;1.000000000;1.000000000;;1.000000000;17.06.2015;1
136;22;1.000000000;1.000000000;1.000000000;;1.000000000;17.06.2015;1
497;46;0.010000000;0.010000000;0.010000000;;1.000000000;18.04.2016;1
497;338;0.280000000;0.280000000;0.280000000;;1.000000000;18.04.2016;1
497;21;1.000000000;1.000000000;1.000000000;;1.000000000;18.04.2016;1
497;24;1.000000000;1.000000000;1.000000000;;1.000000000;18.04.2016;1
497;22;1.000000000;1.000000000;1.000000000;;1.000000000;18.04.2016;1
497;495;0.020000000;0.020000000;0.020000000;;1.000000000;18.04.2016;1
497;96;0.012000000;0.012000000;0.012000000;;1.000000000;18.04.2016;1
249;79;0.030000000;0.030000000;0.030000000;;1.000000000;16.06.2015;1
455;454;0.040000000;0.040000000;0.040000000;;1.000000000;06.11.2015;1
134;23;0.015000000;0.015000000;0.015000000;;1.000000000;16.06.2015;1
134;98;0.024000000;0.024000000;0.024000000;;1.000000000;16.06.2015;1
134;338;0.250000000;0.250000000;0.250000000;;1.000000000;16.06.2015;1
134;21;1.000000000;1.000000000;1.000000000;;1.000000000;16.06.2015;1
134;24;1.000000000;1.000000000;1.000000000;;1.000000000;16.06.2015;1
134;22;1.000000000;1.000000000;1.000000000;;1.000000000;16.06.2015;1
520;23;0.010000000;0.010000000;0.010000000;;1.000000000;01.05.2016;1
520;339;0.020000000;0.020000000;0.020000000;;1.000000000;01.05.2016;1
520;358;0.014000000;0.014000000;0.014000000;;1.000000000;01.05.2016;1
520;338;0.100000000;0.100000000;0.100000000;;1.000000000;01.05.2016;1
520;21;1.000000000;1.000000000;1.000000000;;1.000000000;01.05.2016;1
520;24;1.000000000;1.000000000;1.000000000;;1.000000000;01.05.2016;1
520;22;1.000000000;1.000000000;1.000000000;;1.000000000;01.05.2016;1
167;339;0.025000000;0.025000000;0.025000000;;1.000000000;18.06.2015;1
118;11;0.005000000;0.005000000;0.005000000;;1.000000000;28.04.2015;1
130;358;0.020000000;0.020000000;0.020000000;;1.000000000;22.09.2016;1
130;23;0.010000000;0.010000000;0.010000000;;1.000000000;22.09.2016;1
130;21;1.000000000;1.000000000;1.000000000;;1.000000000;22.09.2016;1
130;24;1.000000000;1.000000000;1.000000000;;1.000000000;22.09.2016;1
130;22;1.000000000;1.000000000;1.000000000;;1.000000000;22.09.2016;1
203;254;0.040000000;0.040000000;0.040000000;;1.000000000;16.06.2015;1
175;58;0.025000000;0.025000000;0.025000000;;1.000000000;18.06.2015;1
297;338;0.215000000;0.215000000;0.215000000;;1.000000000;22.09.2016;1
297;100;0.015000000;0.015000000;0.015000000;;1.000000000;22.09.2016;1
297;318;1.000000000;1.000000000;1.000000000;;1.000000000;22.09.2016;1
297;358;0.010000000;0.010000000;0.010000000;;1.000000000;22.09.2016;1
205;79;0.040000000;0.040000000;0.040000000;;1.000000000;16.06.2015;1
439;53;0.015000000;0.015000000;0.015000000;;1.000000000;13.10.2015;1
505;403;0.015000000;0.015000000;0.015000000;;1.000000000;22.04.2016;1
543;541;0.030000000;0.030000000;0.030000000;;1.000000000;16.08.2016;1
252;72;0.030000000;0.030000000;0.030000000;;1.000000000;17.06.2015;1
268;21;1.000000000;1.000000000;1.000000000;;1.000000000;16.06.2015;1
268;24;1.000000000;1.000000000;1.000000000;;1.000000000;16.06.2015;1
268;22;1.000000000;1.000000000;1.000000000;;1.000000000;16.06.2015;1
268;45;0.015000000;0.015000000;0.015000000;;1.000000000;16.06.2015;1
268;43;0.010000000;0.010000000;0.010000000;;1.000000000;16.06.2015;1
268;54;0.010000000;0.010000000;0.010000000;;1.000000000;16.06.2015;1
268;13;0.004000000;0.004000000;0.004000000;;1.000000000;16.06.2015;1
12;11;0.004000000;0.004000000;0.004000000;;1.000000000;16.06.2015;1
159;373;0.025000000;0.025000000;0.025000000;;1.000000000;18.06.2015;1
242;81;0.030000000;0.030000000;0.030000000;;1.000000000;19.06.2015;1
288;317;0.030000000;0.030000000;0.030000000;;1.000000000;17.06.2015;1
433;45;0.015000000;0.015000000;0.015000000;;1.000000000;13.10.2015;1
397;19;0.030000000;0.030000000;0.030000000;;1.000000000;08.10.2015;1
244;51;0.015000000;0.015000000;0.015000000;;1.000000000;19.06.2015;1
244;95;0.012000000;0.012000000;0.012000000;;1.000000000;19.06.2015;1
244;96;0.024000000;0.024000000;0.024000000;;1.000000000;19.06.2015;1
244;6;0.110000000;0.103400000;0.103400000;;1.000000000;19.06.2015;1
244;338;0.130000000;0.130000000;0.130000000;;1.000000000;19.06.2015;1
244;21;1.000000000;1.000000000;1.000000000;;1.000000000;19.06.2015;1
244;22;1.000000000;1.000000000;1.000000000;;1.000000000;19.06.2015;1
244;24;1.000000000;1.000000000;1.000000000;;1.000000000;19.06.2015;1
550;549;0.030000000;0.030000000;0.030000000;;1.000000000;01.09.2016;1
305;73;0.030000000;0.030000000;0.030000000;;1.000000000;16.06.2015;1
458;454;0.030000000;0.030000000;0.030000000;;1.000000000;06.11.2015;1
429;373;0.015000000;0.015000000;0.015000000;;1.000000000;13.10.2015;1
415;23;0.020000000;0.020000000;0.020000000;;1.000000000;10.10.2015;1
415;413;0.036000000;0.036000000;0.036000000;;1.000000000;10.10.2015;1
415;338;0.350000000;0.350000000;0.350000000;;1.000000000;10.10.2015;1
415;89;1.000000000;1.000000000;1.000000000;;1.000000000;10.10.2015;1
415;24;1.000000000;1.000000000;1.000000000;;1.000000000;10.10.2015;1
415;22;1.000000000;1.000000000;1.000000000;;1.000000000;10.10.2015;1
286;288;0.040000000;0.040000000;0.040000000;;1.000000000;16.06.2015;1
273;24;1.000000000;1.000000000;1.000000000;;1.000000000;16.06.2015;1
273;38;0.015000000;0.015000000;0.015000000;;1.000000000;16.06.2015;1
273;69;0.005000000;0.005000000;0.005000000;;1.000000000;16.06.2015;1
273;15;0.002400000;0.002400000;0.002400000;;1.000000000;16.06.2015;1
273;23;0.010000000;0.010000000;0.010000000;;1.000000000;16.06.2015;1
273;21;1.000000000;1.000000000;1.000000000;;1.000000000;16.06.2015;1
273;22;1.000000000;1.000000000;1.000000000;;1.000000000;16.06.2015;1
192;78;0.030000000;0.030000000;0.030000000;;1.000000000;19.06.2015;1
261;51;0.020000000;0.020000000;0.020000000;;1.000000000;16.06.2015;1
261;52;0.010000000;0.010000000;0.010000000;;1.000000000;16.06.2015;1
261;31;0.005000000;0.005000000;0.005000000;;1.000000000;16.06.2015;1
261;11;0.003000000;0.003000000;0.003000000;;1.000000000;16.06.2015;1
261;21;1.000000000;1.000000000;1.000000000;;1.000000000;16.06.2015;1
261;22;1.000000000;1.000000000;1.000000000;;1.000000000;16.06.2015;1
261;24;1.000000000;1.000000000;1.000000000;;1.000000000;16.06.2015;1
198;340;0.030000000;0.030000000;0.030000000;;1.000000000;19.06.2015;1
245;37;0.015000000;0.015000000;0.015000000;;1.000000000;17.06.2015;1
245;97;0.012000000;0.012000000;0.012000000;;1.000000000;17.06.2015;1
245;6;0.110000000;0.103400000;0.103400000;;1.000000000;17.06.2015;1
245;338;0.150000000;0.150000000;0.150000000;;1.000000000;17.06.2015;1
245;21;1.000000000;1.000000000;1.000000000;;1.000000000;17.06.2015;1
245;22;1.000000000;1.000000000;1.000000000;;1.000000000;17.06.2015;1
245;24;1.000000000;1.000000000;1.000000000;;1.000000000;17.06.2015;1
210;314;0.024000000;0.024000000;0.024000000;;1.000000000;16.06.2015;1
190;386;0.040000000;0.040000000;0.040000000;;1.000000000;19.06.2015;1
209;95;0.024000000;0.024000000;0.024000000;;1.000000000;16.06.2015;1
424;89;1.000000000;1.000000000;1.000000000;;1.000000000;10.10.2015;1
424;22;1.000000000;1.000000000;1.000000000;;1.000000000;10.10.2015;1
424;23;0.015000000;0.015000000;0.015000000;;1.000000000;10.10.2015;1
424;24;1.000000000;1.000000000;1.000000000;;1.000000000;10.10.2015;1
484;50;0.010000000;0.010000000;0.010000000;;1.000000000;18.03.2016;1
484;53;0.010000000;0.010000000;0.010000000;;1.000000000;18.03.2016;1
484;52;0.005000000;0.005000000;0.005000000;;1.000000000;18.03.2016;1
484;363;0.200000000;0.200000000;0.200000000;;1.000000000;18.03.2016;1
484;21;1.000000000;1.000000000;1.000000000;;1.000000000;18.03.2016;1
484;24;1.000000000;1.000000000;1.000000000;;1.000000000;18.03.2016;1
484;22;1.000000000;1.000000000;1.000000000;;1.000000000;18.03.2016;1
396;74;0.030000000;0.030000000;0.030000000;;1.000000000;08.10.2015;1
496;21;1.000000000;1.000000000;1.000000000;;1.000000000;18.04.2016;1
496;24;1.000000000;1.000000000;1.000000000;;1.000000000;18.04.2016;1
496;22;1.000000000;1.000000000;1.000000000;;1.000000000;18.04.2016;1
496;467;0.020000000;0.020000000;0.020000000;;1.000000000;18.04.2016;1
496;49;0.015000000;0.015000000;0.015000000;;1.000000000;18.04.2016;1
496;52;0.010000000;0.010000000;0.010000000;;1.000000000;18.04.2016;1
382;81;0.030000000;0.030000000;0.030000000;;1.000000000;20.07.2015;1
178;81;0.040000000;0.040000000;0.040000000;;1.000000000;18.06.2015;1
149;37;0.010000000;0.010000000;0.010000000;;1.000000000;17.06.2015;1
149;57;0.025000000;0.025000000;0.025000000;;1.000000000;17.06.2015;1
149;13;0.003000000;0.003000000;0.003000000;;1.000000000;17.06.2015;1
149;21;1.000000000;1.000000000;1.000000000;;1.000000000;17.06.2015;1
149;24;1.000000000;1.000000000;1.000000000;;1.000000000;17.06.2015;1
149;22;1.000000000;1.000000000;1.000000000;;1.000000000;17.06.2015;1
270;21;1.000000000;1.000000000;1.000000000;;1.000000000;16.06.2015;1
270;22;1.000000000;1.000000000;1.000000000;;1.000000000;16.06.2015;1
270;24;1.000000000;1.000000000;1.000000000;;1.000000000;16.06.2015;1
270;23;0.010000000;0.010000000;0.010000000;;1.000000000;16.06.2015;1
270;53;0.010000000;0.010000000;0.010000000;;1.000000000;16.06.2015;1
270;43;0.010000000;0.010000000;0.010000000;;1.000000000;16.06.2015;1
270;13;0.004000000;0.004000000;0.004000000;;1.000000000;16.06.2015;1
292;338;0.150000000;0.150000000;0.150000000;;1.000000000;22.09.2016;1
292;318;1.000000000;1.000000000;1.000000000;;1.000000000;22.09.2016;1
292;385;1.000000000;1.000000000;1.000000000;;1.000000000;22.09.2016;1
292;358;0.010000000;0.010000000;0.010000000;;1.000000000;22.09.2016;1
292;323;0.100000000;0.100000000;0.100000000;;1.000000000;22.09.2016;1
207;97;0.024000000;0.024000000;0.024000000;;1.000000000;16.06.2015;1
391;70;0.030000000;0.030000000;0.030000000;;1.000000000;08.10.2015;1
144;52;0.020000000;0.020000000;0.020000000;;1.000000000;17.06.2015;1
144;39;0.015000000;0.015000000;0.015000000;;1.000000000;17.06.2015;1
144;31;0.010000000;0.010000000;0.010000000;;1.000000000;17.06.2015;1
144;362;0.320000000;0.320000000;0.320000000;;1.000000000;17.06.2015;1
144;89;1.000000000;1.000000000;1.000000000;;1.000000000;17.06.2015;1
144;24;1.000000000;1.000000000;1.000000000;;1.000000000;17.06.2015;1
144;22;1.000000000;1.000000000;1.000000000;;1.000000000;17.06.2015;1
194;80;0.030000000;0.030000000;0.030000000;;1.000000000;19.06.2015;1
383;381;0.040000000;0.040000000;0.040000000;;1.000000000;16.06.2015;1
204;79;0.030000000;0.030000000;0.030000000;;1.000000000;19.06.2015;1
197;19;0.030000000;0.030000000;0.030000000;;1.000000000;19.06.2015;1
179;83;0.040000000;0.040000000;0.040000000;;1.000000000;18.06.2015;1
291;23;0.015000000;0.015000000;0.015000000;;1.000000000;21.07.2015;1
389;388;1.000000000;1.000000000;1.000000000;;1.000000000;09.02.2016;1
389;473;1.000000000;1.000000000;1.000000000;;1.000000000;09.02.2016;1
389;361;2.000000000;2.000000000;2.000000000;;1.000000000;09.02.2016;1
389;474;2.000000000;2.000000000;2.000000000;;1.000000000;09.02.2016;1
389;366;1.000000000;1.000000000;1.000000000;;1.000000000;09.02.2016;1
199;77;0.030000000;0.030000000;0.030000000;;1.000000000;19.06.2015;1
538;46;0.010000000;0.010000000;0.010000000;;1.000000000;10.05.2016;1
538;39;0.020000000;0.020000000;0.020000000;;1.000000000;10.05.2016;1
538;97;0.012000000;0.012000000;0.012000000;;1.000000000;10.05.2016;1
538;338;0.250000000;0.250000000;0.250000000;;1.000000000;10.05.2016;1
538;21;1.000000000;1.000000000;1.000000000;;1.000000000;10.05.2016;1
538;24;1.000000000;1.000000000;1.000000000;;1.000000000;10.05.2016;1
538;22;1.000000000;1.000000000;1.000000000;;1.000000000;10.05.2016;1
394;340;0.030000000;0.030000000;0.030000000;;1.000000000;08.10.2015;1
306;76;0.030000000;0.030000000;0.030000000;;1.000000000;16.06.2015;1
253;75;0.030000000;0.030000000;0.030000000;;1.000000000;19.06.2015;1
120;46;0.015000000;0.015000000;0.015000000;;1.000000000;16.06.2015;1
120;338;0.350000000;0.350000000;0.350000000;;1.000000000;16.06.2015;1
120;89;1.000000000;1.000000000;1.000000000;;1.000000000;16.06.2015;1
120;24;1.000000000;1.000000000;1.000000000;;1.000000000;16.06.2015;1
120;22;1.000000000;1.000000000;1.000000000;;1.000000000;16.06.2015;1
548;541;0.030000000;0.030000000;0.030000000;;1.000000000;22.08.2016;1
183;75;0.030000000;0.030000000;0.030000000;;1.000000000;18.06.2015;1
111;52;0.020000000;0.020000000;0.020000000;;1.000000000;28.04.2015;1
406;405;0.030000000;0.030000000;0.030000000;;1.000000000;08.02.2016;1
406;331;0.005000000;0.005000000;0.005000000;;1.000000000;08.02.2016;1
406;473;1.000000000;1.000000000;1.000000000;;1.000000000;08.02.2016;1
406;361;2.000000000;2.000000000;2.000000000;;1.000000000;08.02.2016;1
406;474;1.000000000;1.000000000;1.000000000;;1.000000000;08.02.2016;1
406;366;1.000000000;1.000000000;1.000000000;;1.000000000;08.02.2016;1
406;388;1.000000000;1.000000000;1.000000000;;1.000000000;08.02.2016;1
32;31;0.020000000;0.020000000;0.020000000;;1.000000000;21.04.2015;1
551;549;0.040000000;0.040000000;0.040000000;;1.000000000;01.09.2016;1
206;100;0.024000000;0.024000000;0.024000000;;1.000000000;16.06.2015;1
546;31;0.010000000;0.010000000;0.010000000;;1.000000000;16.08.2016;1
381;380;0.030000000;0.030000000;0.030000000;;1.000000000;20.07.2015;1
540;11;0.004000000;0.004000000;0.004000000;;1.000000000;29.06.2016;1
540;23;0.010000000;0.010000000;0.010000000;;1.000000000;29.06.2016;1
540;54;0.010000000;0.010000000;0.010000000;;1.000000000;29.06.2016;1
540;31;0.010000000;0.010000000;0.010000000;;1.000000000;29.06.2016;1
540;52;0.005000000;0.005000000;0.005000000;;1.000000000;29.06.2016;1
540;21;1.000000000;1.000000000;1.000000000;;1.000000000;29.06.2016;1
540;24;1.000000000;1.000000000;1.000000000;;1.000000000;29.06.2016;1
540;22;1.000000000;1.000000000;1.000000000;;1.000000000;29.06.2016;1
164;43;0.025000000;0.025000000;0.025000000;;1.000000000;16.06.2015;1
422;23;0.010000000;0.010000000;0.010000000;;1.000000000;10.10.2015;1
422;11;0.003000000;0.003000000;0.003000000;;1.000000000;10.10.2015;1
422;38;0.020000000;0.020000000;0.020000000;;1.000000000;10.10.2015;1
422;21;1.000000000;1.000000000;1.000000000;;1.000000000;10.10.2015;1
422;22;1.000000000;1.000000000;1.000000000;;1.000000000;10.10.2015;1
422;24;1.000000000;1.000000000;1.000000000;;1.000000000;10.10.2015;1
453;23;0.010000000;0.010000000;0.010000000;;1.000000000;29.10.2015;1
453;338;0.050000000;0.050000000;0.050000000;;1.000000000;29.10.2015;1
453;413;0.024000000;0.024000000;0.024000000;;1.000000000;29.10.2015;1
453;21;1.000000000;1.000000000;1.000000000;;1.000000000;29.10.2015;1
453;24;1.000000000;1.000000000;1.000000000;;1.000000000;29.10.2015;1
453;22;1.000000000;1.000000000;1.000000000;;1.000000000;29.10.2015;1
453;339;0.020000000;0.020000000;0.020000000;;1.000000000;29.10.2015;1
26;21;1.000000000;1.000000000;1.000000000;;1.000000000;16.06.2015;1
26;22;1.000000000;1.000000000;1.000000000;;1.000000000;16.06.2015;1
26;23;0.010000000;0.010000000;0.010000000;;1.000000000;16.06.2015;1
26;24;1.000000000;1.000000000;1.000000000;;1.000000000;16.06.2015;1
109;51;0.020000000;0.020000000;0.020000000;;1.000000000;28.04.2015;1
503;388;1.000000000;1.000000000;1.000000000;;1.000000000;22.04.2016;1
503;331;0.005000000;0.005000000;0.005000000;;1.000000000;22.04.2016;1
503;473;1.000000000;1.000000000;1.000000000;;1.000000000;22.04.2016;1
503;361;2.000000000;2.000000000;2.000000000;;1.000000000;22.04.2016;1
503;474;1.000000000;1.000000000;1.000000000;;1.000000000;22.04.2016;1
503;527;0.030000000;0.030000000;0.030000000;;1.000000000;22.04.2016;1
503;366;1.000000000;1.000000000;1.000000000;;1.000000000;22.04.2016;1
386;339;0.100000000;0.100000000;0.100000000;;0.240000000;16.06.2015;1
386;88;0.100000000;0.100000000;0.150000000;;0.240000000;16.06.2015;1
511;46;0.010000000;0.010000000;0.010000000;;1.000000000;28.04.2016;1
511;338;0.250000000;0.250000000;0.250000000;;1.000000000;28.04.2016;1
511;21;1.000000000;1.000000000;1.000000000;;1.000000000;28.04.2016;1
511;24;1.000000000;1.000000000;1.000000000;;1.000000000;28.04.2016;1
511;22;1.000000000;1.000000000;1.000000000;;1.000000000;28.04.2016;1
511;495;0.020000000;0.020000000;0.020000000;;1.000000000;28.04.2016;1
511;490;0.012000000;0.012000000;0.012000000;;1.000000000;28.04.2016;1
181;80;0.040000000;0.040000000;0.040000000;;1.000000000;18.06.2015;1
180;78;0.040000000;0.040000000;0.040000000;;1.000000000;18.06.2015;1
456;454;0.030000000;0.030000000;0.030000000;;1.000000000;06.11.2015;1
251;71;0.030000000;0.030000000;0.030000000;;1.000000000;19.06.2015;1
145;56;0.025000000;0.025000000;0.025000000;;1.000000000;17.06.2015;1
145;52;0.020000000;0.020000000;0.020000000;;1.000000000;17.06.2015;1
145;362;0.250000000;0.250000000;0.250000000;;1.000000000;17.06.2015;1
145;21;1.000000000;1.000000000;1.000000000;;1.000000000;17.06.2015;1
145;24;1.000000000;1.000000000;1.000000000;;1.000000000;17.06.2015;1
145;22;1.000000000;1.000000000;1.000000000;;1.000000000;17.06.2015;1
434;339;0.015000000;0.015000000;0.015000000;;1.000000000;13.10.2015;1
299;358;0.020000000;0.020000000;0.020000000;;1.000000000;21.09.2016;1
299;318;1.000000000;1.000000000;1.000000000;;1.000000000;21.09.2016;1
299;357;1.000000000;1.000000000;1.000000000;;1.000000000;21.09.2016;1
481;467;0.025000000;0.025000000;0.025000000;;1.000000000;22.12.2015;1
131;24;1.000000000;1.000000000;1.000000000;;1.000000000;22.09.2016;1
131;23;0.010000000;0.010000000;0.010000000;;1.000000000;22.09.2016;1
131;339;0.025000000;0.025000000;0.025000000;;1.000000000;22.09.2016;1
131;338;0.050000000;0.050000000;0.050000000;;1.000000000;22.09.2016;1
131;358;0.020000000;0.020000000;0.020000000;;1.000000000;22.09.2016;1
131;21;1.000000000;1.000000000;1.000000000;;1.000000000;22.09.2016;1
131;22;1.000000000;1.000000000;1.000000000;;1.000000000;22.09.2016;1
431;374;0.015000000;0.015000000;0.015000000;;1.000000000;13.10.2015;1
399;316;0.030000000;0.030000000;0.030000000;;1.000000000;08.10.2015;1
185;340;0.040000000;0.040000000;0.040000000;;1.000000000;16.06.2015;1
150;13;0.005000000;0.005000000;0.005000000;;1.000000000;17.06.2015;1
150;37;0.015000000;0.015000000;0.015000000;;1.000000000;17.06.2015;1
150;57;0.035000000;0.035000000;0.035000000;;1.000000000;17.06.2015;1
150;89;1.000000000;1.000000000;1.000000000;;1.000000000;17.06.2015;1
150;22;1.000000000;1.000000000;1.000000000;;1.000000000;17.06.2015;1
150;24;1.000000000;1.000000000;1.000000000;;1.000000000;17.06.2015;1
169;51;0.025000000;0.025000000;0.025000000;;1.000000000;16.06.2015;1
211;89;1.000000000;1.000000000;1.000000000;;1.000000000;16.06.2015;1
211;22;1.000000000;1.000000000;1.000000000;;1.000000000;16.06.2015;1
211;23;0.015000000;0.015000000;0.015000000;;1.000000000;16.06.2015;1
211;24;1.000000000;1.000000000;1.000000000;;1.000000000;16.06.2015;1
542;541;0.040000000;0.040000000;0.040000000;;1.000000000;16.08.2016;1
485;363;0.200000000;0.200000000;0.200000000;;1.000000000;18.03.2016;1
485;21;1.000000000;1.000000000;1.000000000;;1.000000000;18.03.2016;1
485;24;1.000000000;1.000000000;1.000000000;;1.000000000;18.03.2016;1
485;22;1.000000000;1.000000000;1.000000000;;1.000000000;18.03.2016;1
485;58;0.010000000;0.010000000;0.010000000;;1.000000000;18.03.2016;1
485;53;0.010000000;0.010000000;0.010000000;;1.000000000;18.03.2016;1
485;52;0.005000000;0.005000000;0.005000000;;1.000000000;18.03.2016;1
287;316;0.040000000;0.040000000;0.040000000;;1.000000000;16.06.2015;1
132;46;0.010000000;0.010000000;0.010000000;;1.000000000;16.06.2015;1
132;39;0.020000000;0.020000000;0.020000000;;1.000000000;16.06.2015;1
132;97;0.012000000;0.012000000;0.012000000;;1.000000000;16.06.2015;1
132;338;0.250000000;0.250000000;0.250000000;;1.000000000;16.06.2015;1
132;21;1.000000000;1.000000000;1.000000000;;1.000000000;16.06.2015;1
132;24;1.000000000;1.000000000;1.000000000;;1.000000000;16.06.2015;1
132;22;1.000000000;1.000000000;1.000000000;;1.000000000;16.06.2015;1
516;23;0.015000000;0.015000000;0.015000000;;1.000000000;01.05.2016;1
516;98;0.024000000;0.024000000;0.024000000;;1.000000000;01.05.2016;1
516;338;0.350000000;0.350000000;0.350000000;;1.000000000;01.05.2016;1
516;89;1.000000000;1.000000000;1.000000000;;1.000000000;01.05.2016;1
516;24;1.000000000;1.000000000;1.000000000;;1.000000000;01.05.2016;1
516;22;1.000000000;1.000000000;1.000000000;;1.000000000;01.05.2016;1
157;31;0.025000000;0.025000000;0.025000000;;1.000000000;16.06.2015;1
247;23;0.010000000;0.010000000;0.010000000;;1.000000000;17.06.2015;1
247;69;0.030000000;0.030000000;0.030000000;;1.000000000;17.06.2015;1
247;363;0.050000000;0.050000000;0.050000000;;1.000000000;17.06.2015;1
247;6;0.100000000;0.094000000;0.094000000;;1.000000000;17.06.2015;1
247;21;1.000000000;1.000000000;1.000000000;;1.000000000;17.06.2015;1
247;22;1.000000000;1.000000000;1.000000000;;1.000000000;17.06.2015;1
247;24;1.000000000;1.000000000;1.000000000;;1.000000000;17.06.2015;1
398;76;0.030000000;0.030000000;0.030000000;;1.000000000;08.10.2015;1
106;45;0.020000000;0.020000000;0.020000000;;1.000000000;28.04.2015;1
301;338;0.050000000;0.050000000;0.050000000;;1.000000000;16.06.2015;1
421;22;1.000000000;1.000000000;1.000000000;;1.000000000;10.10.2015;1
421;24;1.000000000;1.000000000;1.000000000;;1.000000000;10.10.2015;1
421;314;0.024000000;0.024000000;0.024000000;;1.000000000;10.10.2015;1
421;419;0.003000000;0.003000000;0.003000000;;1.000000000;10.10.2015;1
421;358;0.014000000;0.014000000;0.014000000;;1.000000000;10.10.2015;1
421;23;0.010000000;0.010000000;0.010000000;;1.000000000;10.10.2015;1
421;21;1.000000000;1.000000000;1.000000000;;1.000000000;10.10.2015;1
337;70;0.030000000;0.030000000;0.030000000;;1.000000000;17.06.2015;1
104;43;0.020000000;0.020000000;0.020000000;;1.000000000;16.06.2015;1
128;338;0.050000000;0.050000000;0.050000000;;1.000000000;16.06.2015;1
128;89;1.000000000;1.000000000;1.000000000;;1.000000000;16.06.2015;1
128;22;1.000000000;1.000000000;1.000000000;;1.000000000;16.06.2015;1
128;24;1.000000000;1.000000000;1.000000000;;1.000000000;16.06.2015;1
128;23;0.015000000;0.015000000;0.015000000;;1.000000000;16.06.2015;1
128;339;0.025000000;0.025000000;0.025000000;;1.000000000;16.06.2015;1
460;318;1.000000000;1.000000000;1.000000000;;1.000000000;16.11.2015;1
460;463;0.010000000;0.010000000;0.010000000;;1.000000000;16.11.2015;1
460;11;0.005000000;0.005000000;0.005000000;;1.000000000;16.11.2015;1
460;465;0.020000000;0.020000000;0.020000000;;1.000000000;16.11.2015;1
460;462;0.010000000;0.010000000;0.010000000;;1.000000000;16.11.2015;1
166;45;0.025000000;0.025000000;0.025000000;;1.000000000;16.06.2015;1
139;65;0.050000000;0.050000000;0.050000000;;1.000000000;17.06.2015;1
139;363;0.200000000;0.200000000;0.200000000;;1.000000000;17.06.2015;1
139;21;1.000000000;1.000000000;1.000000000;;1.000000000;17.06.2015;1
139;24;1.000000000;1.000000000;1.000000000;;1.000000000;17.06.2015;1
139;22;1.000000000;1.000000000;1.000000000;;1.000000000;17.06.2015;1
